Date,Transaction Count
2024-04-01,3277
2024-04-02,3762
2024-04-03,3410
2024-04-04,3349
2024-04-05,2877
2024-04-06,2403
2024-04-07,2378
2024-04-08,2744
2024-04-09,2869
2024-04-10,2514
2024-04-11,2233
2024-04-12,1929
2024-04-13,1435
2024-04-14,1134
2024-04-15,1603
2024-04-16,1581
2024-04-17,1694
2024-04-18,1704
2024-04-19,1536
2024-04-20,1325
2024-04-21,1317
2024-04-22,1555
2024-04-23,1502
2024-04-24,1666
2024-04-25,2691
2024-04-26,2099
2024-04-27,1799
2024-04-28,3242
2024-04-29,3611
2024-04-30,3385
